{"cameraMode":{"drawMode":0,"name":"Shaded","section":"Shading Mode"},"sceneLighting":true,"audioPlay":false,"sceneViewState":{"m_AlwaysRefresh":false,"showFog":true,"showSkybox":true,"showFlares":true,"showImageEffects":true,"showParticleSystems":true,"showVisualEffectGraphs":true,"m_FxEnabled":true},"in2DMode":false,"pivot":{"x":-79.640869140625,"y":0.3560570478439331,"z":61.15165710449219},"rotation":{"x":-0.012649291194975376,"y":-0.9626105427742004,"z":0.26673194766044619,"w":-0.045655377209186557},"size":1.2397685050964356,"orthographic":false}